ticket,pclass,fare,cabin
24160,1,211.3375,B5
113781,1,151.55,C22 C26
113781,1,151.55,C22 C26
113781,1,151.55,C22 C26
113781,1,151.55,C22 C26
19952,1,26.55,E12
13502,1,77.9583,D7
112050,1,0.0,A36
11769,1,51.4792,C101
PC 17609,1,49.5042,
PC 17757,1,227.525,C62 C64
PC 17757,1,227.525,C62 C64
PC 17477,1,69.3,B35
19877,1,78.85,
27042,1,30.0,A23
PC 17318,1,25.925,
PC 17558,1,247.5208,B58 B60
PC 17558,1,247.5208,B58 B60
11813,1,76.2917,D15
13050,1,75.2417,C6
11751,1,52.5542,D35
11751,1,52.5542,D35
111369,1,30.0,C148
PC 17757,1,227.525,
PC 17483,1,221.7792,C97
13905,1,26.0,
11967,1,91.0792,B49
11967,1,91.0792,B49
PC 17760,1,135.6333,C99
110564,1,26.55,C52
113784,1,35.5,T
112277,1,31.0,A31
36928,1,164.8667,C7
113783,1,26.55,C103
110489,1,26.55,D22
PC 17608,1,262.375,
113505,1,55.0,E33
111427,1,26.55,
113054,1,30.5,A21
PC 17591,1,50.4958,B10
112379,1,39.6,
PC 17610,1,27.7208,B4
11769,1,51.4792,C101
11813,1,76.2917,D15
16966,1,134.5,E40
113050,1,26.55,B38
113798,1,31.0,
PC 17476,1,26.2875,E24
PC 17606,1,27.4458,
PC 17755,1,512.3292,B51 B53 B55
PC 17755,1,512.3292,B51 B53 B55
695,1,5.0,B51 B53 B55
113059,1,47.1,
113059,1,47.1,
113760,1,120.0,B96 B98
113760,1,120.0,B96 B98
113760,1,120.0,B96 B98
113760,1,120.0,B96 B98
19924,1,26.0,
17770,1,27.7208,
19877,1,78.85,C46
19877,1,78.85,C46
W.E.P. 5734,1,61.175,E31
W.E.P. 5734,1,61.175,E31
113806,1,53.1,E8
113806,1,53.1,E8
PC 17608,1,262.375,B61
110152,1,86.5,B77
PC 17594,1,29.7,A9
113505,1,55.0,E33
112051,1,0.0,
13508,1,136.7792,C89
13508,1,136.7792,C89
113781,1,151.55,
110465,1,52.0,A14
5727,1,25.5875,E58
PC 17756,1,83.1583,E49
PC 17756,1,83.1583,E52
PC 17756,1,83.1583,E45
11770,1,25.7,C101
113791,1,26.55,
WE/P 5735,1,71.0,B22
WE/P 5735,1,71.0,B22
112901,1,26.55,B26
PC 17599,1,71.2833,C85
PC 17599,1,71.2833,C85
113055,1,26.55,E17
113804,1,30.5,
113781,1,151.55,
F.C. 12750,1,52.0,B71
F.C. 12750,1,52.0,B71
17474,1,57.0,B20
17474,1,57.0,B20
33638,1,81.8583,A34
33638,1,81.8583,A34
33638,1,81.8583,A34
PC 17761,1,106.425,C86
PC 17558,1,247.5208,B58 B60
PC 17761,1,106.425,C86
11755,1,39.6,A16
PC 17485,1,56.9292,A20
PC 17580,1,29.7,A18
11767,1,83.1583,C54
PC 17757,1,227.525,C45
36947,1,78.2667,D20
PC 17531,1,31.6792,A29
PC 17483,1,221.7792,C95
PC 17598,1,31.6833,
17421,1,110.8833,
PC 17474,1,26.3875,E25
113051,1,27.75,C111
19950,1,263.0,C23 C25 C27
19950,1,263.0,C23 C25 C27
19950,1,263.0,C23 C25 C27
19950,1,263.0,C23 C25 C27
19950,1,263.0,C23 C25 C27
19950,1,263.0,C23 C25 C27
PC 17485,1,56.9292,E36
113778,1,26.55,D34
PC 17611,1,133.65,
17765,1,27.7208,D40
PC 17611,1,133.65,
13568,1,49.5,B39
13567,1,79.2,B41
13567,1,79.2,B41
112058,1,0.0,B102
113803,1,53.1,C123
113803,1,53.1,C123
111320,1,38.5,E63
113503,1,211.5,C130
112378,1,59.4,
112378,1,59.4,
PC 17593,1,79.2,B86
17453,1,89.1042,C92
17453,1,89.1042,C92
PC 17754,1,34.6542,A5
113780,1,28.5,C51
112053,1,30.0,B42
PC 17582,1,153.4625,C91
PC 17582,1,153.4625,C125
PC 17759,1,63.3583,D10 D12
PC 17759,1,63.3583,D10 D12
PC 17593,1,79.2,B82 B84
11765,1,55.4417,E50
11765,1,55.4417,E50
PC 17572,1,76.7292,D33
PC 17572,1,76.7292,D33
113796,1,42.4,
36973,1,83.475,C83
36973,1,83.475,C83
112059,1,0.0,B94
PC 17572,1,76.7292,D49
16988,1,30.0,D45
11767,1,83.1583,C54
12749,1,93.5,B69
12749,1,93.5,B69
113038,1,42.5,B11
17463,1,51.8625,E46
680,1,50.0,C39
111361,1,57.9792,B18
111361,1,57.9792,B18
13502,1,77.9583,D11
113789,1,52.0,
113789,1,52.0,
111426,1,26.55,
19943,1,90.0,C93
PC 17600,1,30.6958,
19943,1,90.0,C93
113572,1,80.0,B28
PC 17595,1,28.7125,C49
112058,1,0.0,B52 B54 B56
694,1,26.0,
113044,1,26.0,E60
113503,1,211.5,C132
11771,1,29.7,B37
17464,1,51.8625,D21
17464,1,51.8625,D21
11753,1,52.5542,D19
11753,1,52.5542,D19
113028,1,26.55,C124
24160,1,211.3375,
17465,1,25.9292,D17
PC 17761,1,106.425,
PC 17755,1,512.3292,B101
PC 17612,1,27.7208,
17475,1,26.55,
112377,1,27.7208,
PC 17592,1,39.4,D28
PC 17592,1,39.4,D28
113501,1,30.0,D6
13502,1,77.9583,D9
113801,1,45.5,
PC 17569,1,146.5208,B80
24160,1,211.3375,B5
110469,1,26.0,C106
110152,1,86.5,B79
11774,1,29.7,C47
113773,1,53.1,D30
113773,1,53.1,D30
PC 17482,1,49.5042,C90
13050,1,75.2417,C6
17463,1,51.8625,E46
PC 17473,1,26.2875,E25
PC 17604,1,82.1708,
PC 17604,1,82.1708,
13509,1,26.55,E38
19928,1,90.0,C78
19928,1,90.0,C78
19928,1,90.0,C78
13236,1,57.75,C78
113787,1,30.5,C30
113796,1,42.4,
PC 17596,1,29.7,C118
35273,1,113.275,D36
35273,1,113.275,D36
35273,1,113.275,D48
11752,1,26.2833,D47
693,1,26.0,
PC 17758,1,108.9,C105
F.C. 12998,1,25.7417,
113509,1,61.9792,B36
113509,1,61.9792,B30
PC 17562,1,27.7208,D43
112052,1,0.0,
113043,1,28.5,C124
12749,1,93.5,B24
113776,1,66.6,C2
113776,1,66.6,C2
PC 17758,1,108.9,C65
PC 17758,1,108.9,C65
12749,1,93.5,B73
113786,1,30.5,C104
110465,1,52.0,C110
11767,1,83.1583,C50
19972,1,0.0,
PC 17607,1,39.6,
PC 17760,1,135.6333,
PC 17757,1,227.525,
24160,1,211.3375,B3
PC 17590,1,50.4958,A24
111428,1,26.55,
113767,1,50.0,A32
PC 17613,1,27.7208,A11
PC 17585,1,79.2,
13049,1,40.125,A10
110152,1,86.5,B77
PC 17603,1,59.4,
PC 17603,1,59.4,
113790,1,26.55,
PC 17608,1,262.375,B57 B59 B63 B66
PC 17608,1,262.375,B57 B59 B63 B66
PC 17608,1,262.375,B57 B59 B63 B66
PC 17608,1,262.375,B57 B59 B63 B66
PC 17608,1,262.375,B57 B59 B63 B66
19988,1,30.5,C106
PC 17477,1,69.3,B35
111163,1,26.0,
13236,1,57.75,C28
113798,1,31.0,
113794,1,26.55,
PC 17582,1,153.4625,C125
PC 17475,1,26.2875,E24
13507,1,55.9,E44
13507,1,55.9,E44
13213,1,35.5,A26
113788,1,35.5,A6
113792,1,26.55,
17764,1,30.6958,A7
13695,1,60.0,C31
113056,1,26.0,A19
13695,1,60.0,C31
21228,1,82.2667,B45
21228,1,82.2667,B45
16966,1,134.5,E34
16966,1,134.5,E34
16966,1,134.5,E34
PC 17569,1,146.5208,B78
PC 17569,1,146.5208,B78
13214,1,30.5,B50
113514,1,26.55,C87
11778,1,55.4417,C116
11778,1,55.4417,C116
36947,1,78.2667,D20
PC 17605,1,27.7208,
113572,1,80.0,B28
PC 17483,1,221.7792,C55 C57
PC 17483,1,221.7792,C55 C57
36963,1,32.3208,D50
17466,1,25.9292,D17
110413,1,79.65,E68
110413,1,79.65,E67
110413,1,79.65,E67
19996,1,52.0,C126
19996,1,52.0,C126
17421,1,110.8833,C68
17421,1,110.8833,C70
17421,1,110.8833,C68
PC 17585,1,79.2,
2543,1,28.5375,C53
PC 17601,1,27.7208,
111240,1,33.5,B19
36967,1,34.0208,D46
PC 17755,1,512.3292,
110813,1,75.25,D37
110813,1,75.25,D37
113800,1,26.55,
35281,1,77.2875,D26
35281,1,77.2875,D26
PC 17760,1,135.6333,C32
36928,1,164.8667,C7
36928,1,164.8667,
36928,1,164.8667,
113503,1,211.5,C80
113503,1,211.5,C82
113503,1,211.5,C80
113795,1,26.55,
PC 17597,1,61.3792,
PC 17597,1,61.3792,
113510,1,35.0,C128
16966,1,134.5,E39 E41
19947,1,35.5,C52
113807,1,26.55,
PC 17760,1,135.6333,C32
P/PP 3381,2,24.0,
P/PP 3381,2,24.0,
248744,2,13.0,
231945,2,11.5,
C.A. 34050,2,10.5,
226875,2,26.0,
226875,2,26.0,
244346,2,13.0,
29108,2,11.5,
C.A. 31030,2,10.5,
28551,2,13.0,D
C.A./SOTON 34068,2,10.5,
S.O.P. 1166,2,12.525,
2908,2,26.0,
2908,2,26.0,
244358,2,26.0,
230136,2,39.0,F4
230136,2,39.0,F4
230136,2,39.0,F4
230136,2,39.0,F4
248698,2,13.0,D56
28404,2,13.0,
28425,2,13.0,
237670,2,13.0,
211535,2,13.0,
220367,2,13.0,
248733,2,13.0,F33
29750,2,39.0,
29750,2,39.0,
29750,2,39.0,
236853,2,26.0,
236853,2,26.0,
27849,2,13.0,
234686,2,13.0,
244310,2,13.0,
236852,2,13.0,
248738,2,29.0,
248738,2,29.0,
248738,2,29.0,
F.C.C. 13528,2,21.0,
239853,2,0.0,
28424,2,13.0,
244252,2,26.0,
244252,2,26.0,
248731,2,13.5,
SC/AH 29037,2,26.0,
SC/AH 29037,2,26.0,
237789,2,30.0,
237789,2,30.0,
2003,2,26.0,
2003,2,26.0,
W./C. 14263,2,10.5,
248740,2,13.0,
28034,2,10.5,
C.A. 31921,2,26.25,
C.A. 31921,2,26.25,
C.A. 31921,2,26.25,
W./C. 14266,2,10.5,F33
237249,2,13.0,
F.C.C. 13534,2,21.0,
29107,2,11.5,
239853,2,0.0,
C.A. 33112,2,36.75,
S.O.C. 14879,2,73.5,
C.A. 33112,2,36.75,
237668,2,13.0,
244360,2,13.0,
S.O.C. 14879,2,73.5,
SC/PARIS 2167,2,27.7208,
SC/PARIS 2167,2,27.7208,
C.A. 31029,2,31.5,
S.O.C. 14879,2,73.5,
231919,2,23.0,
231919,2,23.0,
28403,2,26.0,
28220,2,32.5,
28220,2,32.5,
28220,2,32.5,
SC/PARIS 2149,2,13.8583,
SC/PARIS 2148,2,13.8583,
29751,2,13.0,
236854,2,13.0,
236171,2,13.0,
2926,2,26.0,
2926,2,26.0,
C.A. 15185,2,10.5,
229236,2,13.0,
239854,2,0.0,
237671,2,13.0,
239865,2,26.0,
28664,2,21.0,
28664,2,21.0,
243880,2,13.0,
239865,2,26.0,
31028,2,10.5,
C.A. 30769,2,10.5,
28133,2,11.5,
28134,2,11.5,
248726,2,13.5,
233866,2,13.0,
12233,2,13.0,
250646,2,13.0,
250647,2,13.0,
250653,2,13.0,
250649,2,14.5,
250649,2,14.5,
248746,2,13.0,
248727,2,33.0,
248727,2,33.0,
S.W./PP 752,2,10.5,
W/C 14208,2,10.5,
F.C.C. 13529,2,26.25,
F.C.C. 13529,2,26.25,
F.C.C. 13529,2,26.25,
220845,2,65.0,
220845,2,65.0,
220845,2,65.0,
220845,2,65.0,
248706,2,16.0,
S.O.C. 14879,2,73.5,
S.O.C. 14879,2,73.5,
S.O.C. 14879,2,73.5,
250650,2,13.0,
29105,2,23.0,
29104,2,11.5,
242963,2,13.0,
29105,2,23.0,
250643,2,13.0,
26707,2,26.0,
26707,2,26.0,
S.O.C. 14879,2,73.5,
237798,2,13.0,
24065,2,26.0,
24065,2,26.0,
SCO/W 1585,2,12.275,
SO/C 14885,2,10.5,
243847,2,27.0,
243847,2,27.0,
237565,2,15.0,
C.A. 31029,2,31.5,
C.A. 31029,2,31.5,
C.A. 33111,2,10.5,
SC/AH Basle 541,2,13.7917,D
244367,2,26.0,
244367,2,26.0,
F.C.C. 13534,2,21.0,
226593,2,12.35,E101
233734,2,12.35,
223596,2,13.5,
219533,2,12.35,
239855,2,0.0,
C.A. 18723,2,10.5,
250651,2,26.0,
250651,2,26.0,
240261,2,10.7083,
SC/Paris 2123,2,41.5792,
SC/Paris 2123,2,41.5792,
SC/Paris 2123,2,41.5792,
SC/Paris 2123,2,41.5792,
SC 1748,2,12.0,
248727,2,33.0,
C.A. 34260,2,10.5,F33
SC/Paris 2163,2,12.875,D
C.A. 29566,2,10.5,
235509,2,12.35,
SC/AH 3085,2,26.0,
SC/AH 3085,2,26.0,
S.O./P.P. 3,2,10.5,E77
237735,2,15.0458,D
S.C./PARIS 2079,2,37.0042,
S.C./PARIS 2079,2,37.0042,
S.C./PARIS 2079,2,37.0042,
SC/A.3 2861,2,15.5792,
28228,2,13.0,
239059,2,16.0,
237216,2,13.5,
233478,2,13.0,
28403,2,26.0,
250644,2,19.5,
250644,2,19.5,
SW/PP 751,2,10.5,
248723,2,13.0,
234360,2,13.0,
C.A. 24580,2,10.5,
211536,2,13.0,
29011,2,14.0,
250655,2,26.0,
S.O./P.P. 3,2,10.5,
240276,2,9.6875,
237736,2,30.0708,
237736,2,30.0708,
230080,2,26.0,F2
230080,2,26.0,F2
230080,2,26.0,F2
244368,2,13.0,F2
C.A. 33112,2,36.75,
218629,2,13.5,
SC/PARIS 2166,2,13.8625,D38
C.A. 29395,2,10.5,F33
28213,2,13.0,
W./C. 14260,2,10.5,
SC/PARIS 2146,2,13.8625,
244278,2,10.5,
SC/PARIS 2147,2,13.8583,
SC 14888,2,10.5,
239853,2,0.0,
230433,2,26.0,
28665,2,10.5,
SC/PARIS 2131,2,15.05,
237393,2,13.0,
S.O./P.P. 2,2,21.0,
250655,2,26.0,
S.O./P.P. 2,2,21.0,
234604,2,13.0,
250647,2,13.0,
C.A. 34644,2,12.7375,
SC/PARIS 2168,2,15.0333,
26360,2,26.0,
26360,2,26.0,
26360,2,26.0,
C.A. 17248,2,10.5,
31027,2,21.0,
31027,2,21.0,
230434,2,13.0,
SC/PARIS 2133,2,15.0458,
29106,2,18.75,
29106,2,18.75,
29106,2,18.75,
W./C. 14258,2,10.5,
28004,2,10.5,
C.A. 31026,2,10.5,
248659,2,13.0,
244361,2,13.0,
244358,2,26.0,
230433,2,26.0,
250652,2,13.0,
C.A. 33112,2,36.75,
250648,2,13.0,
237442,2,13.5,
234818,2,12.35,
28206,2,10.5,
31418,2,13.0,
C.A. 29178,2,13.0,
237734,2,15.0458,
F.C.C. 13540,2,10.5,
248734,2,13.0,F
220845,2,65.0,
F.C.C. 13531,2,10.5,
233639,2,13.0,
240929,2,12.65,
34218,2,10.5,E101
11668,2,21.0,
11668,2,21.0,
28221,2,13.0,
F.C.C. 13528,2,21.0,
CA 31352,2,21.0,
28666,2,10.5,
CA 31352,2,21.0,
239856,2,0.0,
C.A. 33595,2,15.75,
C.A. 33595,2,15.75,
27267,2,13.0,E101
228414,2,26.0,
228414,2,26.0,
29103,2,23.0,
29103,2,23.0,
29103,2,23.0,
C.A. 34651,2,27.75,
C.A. 34651,2,27.75,
C.A. 34651,2,27.75,
C.A. 34651,2,27.75,
C.A. 24579,2,10.5,
SC/PARIS 2159,2,12.875,
244270,2,13.0,
244373,2,13.0,
220844,2,13.5,
248747,2,13.0,
C.A. 5547,3,7.55,
C.A. 2673,3,20.25,
C.A. 2673,3,20.25,
C.A. 2673,3,20.25,
348125,3,7.65,
348122,3,7.65,F G63
SOTON/O2 3101284,3,7.925,
2657,3,7.2292,
C 7076,3,7.25,
341826,3,8.05,
7546,3,9.475,
392091,3,9.35,
392091,3,9.35,
2699,3,18.7875,
3474,3,7.8875,
SOTON/O2 3101287,3,7.925,
SOTON/O.Q. 3101311,3,7.05,
SOTON/O.Q. 3101312,3,7.05,
373450,3,8.05,
2223,3,8.3,
C 4001,3,22.525,
350046,3,7.8542,
347082,3,31.275,
347082,3,31.275,
347082,3,31.275,
3101281,3,7.925,
347091,3,7.775,
347082,3,31.275,
347082,3,31.275,
347082,3,31.275,
350043,3,7.7958,
347075,3,7.775,
347082,3,31.275,
347466,3,7.8542,
349202,3,7.8958,
349237,3,17.8,
349237,3,17.8,
349911,3,7.775,
SOTON/O.Q. 3101310,3,7.05,
347077,3,31.3875,
347077,3,31.3875,
347077,3,31.3875,
347077,3,31.3875,
347077,3,31.3875,
347077,3,31.3875,
350054,3,7.7958,
347077,3,31.3875,
2696,3,7.225,
2692,3,7.225,
SOTON/O.Q. 3101309,3,7.05,
2627,3,14.4583,
2694,3,7.225,
347468,3,7.8542,
2687,3,7.2292,
2679,3,7.225,
3101278,3,15.85,
3101278,3,15.85,
2666,3,19.2583,
2666,3,19.2583,
2666,3,19.2583,
2666,3,19.2583,
A/4 31416,3,8.05,
2623,3,7.225,
349248,3,7.8958,
2663,3,7.2292,
2691,3,14.4542,
2691,3,14.4542,
330844,3,7.8792,
324669,3,8.05,
323951,3,8.05,
347068,3,7.775,
PP 4348,3,9.35,
2622,3,7.2292,
2648,3,4.0125,
1601,3,56.4958,
312992,3,7.775,
347090,3,7.75,
349224,3,7.8958,
2678,3,15.2458,
2678,3,15.2458,
2664,3,7.225,
2678,3,15.2458,
364848,3,7.75,
364849,3,15.5,
364849,3,15.5,
54636,3,16.1,
334914,3,7.725,
347471,3,7.8542,
3460,3,7.0458,
A/5 21171,3,7.25,
350045,3,7.7958,
364512,3,8.05,
329944,3,7.2833,
330920,3,7.8208,
365222,3,6.75,
330963,3,7.8792,
315087,3,8.6625,
315084,3,8.6625,
315091,3,8.6625,
315089,3,8.6625,
315093,3,8.6625,
315086,3,8.6625,
364846,3,7.75,
364858,3,7.75,
A./5. 2152,3,8.05,
2689,3,14.4583,
2689,3,14.4583,
350042,3,7.7958,
350409,3,7.8542,
367231,3,7.75,
368364,3,7.75,
392095,3,7.25,
343275,3,8.05,
A/5. 13032,3,7.7333,
1601,3,56.4958,
343276,3,8.05,
2680,3,14.4542,
2680,3,14.4542,
SOTON/O.Q. 3101307,3,7.05,
A/5 3540,3,8.05,
371109,3,7.25,
349210,3,7.4958,
349209,3,7.4958,
21332,3,7.7333,
335097,3,7.75,
370373,3,7.75,
330972,3,7.6292,
370369,3,7.75,
A/5 3536,3,8.05,
349230,3,7.8958,
349229,3,7.8958,
349231,3,7.8958,
SOTON/OQ 392090,3,8.05,
C.A. 37671,3,15.9,
C.A. 37671,3,15.9,
C.A. 37671,3,15.9,
364500,3,7.25,
S.P. 3464,3,8.1583,
371362,3,16.1,
371362,3,16.1,
315090,3,8.6625,
2698,3,7.225,
7598,3,8.05,
7552,3,10.5167,
349228,3,10.1708,
382650,3,6.95,
382651,3,7.75,
347080,3,14.4,
347080,3,14.4,
347080,3,14.4,
349219,3,7.8958,
349203,3,7.8958,
A/4 48871,3,24.15,
SC/A4 23568,3,8.05,
A/4 48871,3,24.15,
A/4 48873,3,8.05,
386525,3,16.1,
386525,3,16.1,
345572,3,17.4,
345572,3,17.4,
345774,3,9.5,
345778,3,9.5,
C.A. 2315,3,20.575,
C.A. 2315,3,20.575,
C.A. 2315,3,20.575,
C.A. 2315,3,20.575,
349250,3,7.8958,
349238,3,7.8958,
349225,3,7.8958,
A/5 21172,3,7.25,
A/5 21175,3,7.25,
330958,3,7.8792,
349232,3,7.8958,
315088,3,8.6625,
349226,3,7.8958,
2686,3,7.2292,
370376,3,7.75,
A/5. 10482,3,8.05,
364516,3,12.475,
368702,3,7.75,
SOTON/OQ 392083,3,8.05,
349241,3,7.8958,
336439,3,7.75,
S.O./P.P. 752,3,7.55,
347072,3,13.9,
347072,3,13.9,
349912,3,7.775,
347074,3,7.775,
347061,3,6.975,
2674,3,7.225,
2675,3,7.2292,
2690,3,7.2292,
2695,3,7.2292,
A/5 3902,3,7.25,
364516,3,12.475,
2631,3,7.225,
C.A. 6212,3,15.1,
367232,3,7.75,
SOTON/O.Q. 3101308,3,7.05,
350036,3,7.7958,
364859,3,7.75,
364851,3,7.75,
368323,3,6.95,
330910,3,7.8792,
365235,3,7.75,
1601,3,56.4958,
W./C. 6608,3,34.375,
W./C. 6608,3,34.375,
A/5 1478,3,8.05,
W./C. 6608,3,34.375,
W./C. 6608,3,34.375,
W./C. 6608,3,34.375,
368573,3,7.75,
SOTON/O.Q. 3101314,3,7.25,
36864,3,7.7417,
358585,3,14.5,
349254,3,7.8958,
14973,3,8.05,
35851,3,7.7333,
335677,3,7.75,
363291,3,20.525,
363291,3,20.525,
SOTON/O.Q. 3101263,3,7.85,
363291,3,20.525,
SOTON/O.Q. 3101306,3,7.05,
CA 2144,3,46.9,
CA 2144,3,46.9,
CA 2144,3,46.9,
CA 2144,3,46.9,
CA 2144,3,46.9,
CA 2144,3,46.9,
CA 2144,3,46.9,
CA 2144,3,46.9,
21440,3,8.05,
8471,3,8.3625,
376563,3,8.05,
7534,3,9.8458,
3101276,3,7.925,
3101277,3,7.925,
347069,3,7.775,
349236,3,8.85,
AQ/3. 30631,3,7.7333,
65303,3,19.9667,
65304,3,19.9667,
STON/O2. 3101279,3,15.85,
STON/O2. 3101279,3,15.85,
345769,3,9.5,
2693,3,7.2292,
350026,3,14.1083,
350025,3,7.8542,
350029,3,7.8542,
350026,3,14.1083,
W./C. 6609,3,7.55,
374887,3,7.25,
394140,3,6.8583,
2699,3,18.7875,
370375,3,7.75,
347089,3,6.975,
1601,3,56.4958,
365226,3,6.75,
STON/O2. 3101282,3,7.925,
STON/O2. 3101290,3,7.925,
7548,3,8.9625,
349243,3,7.8958,
347086,3,7.775,
382649,3,7.75,
3101298,3,12.2875,
3101298,3,12.2875,
C 7075,3,6.45,
C 4001,3,22.525,
STON/O2. 3101283,3,7.925,
370377,3,7.75,
A. 2. 39186,3,8.05,
348121,3,7.65,F G63
3470,3,7.8875,
2685,3,7.2292,
349220,3,7.8958,
STON/O2. 3101270,3,7.925,
STON/O2. 3101271,3,7.925,
349201,3,7.8958,
349240,3,7.8958,
350034,3,7.7958,
SOTON/O.Q. 3101305,3,7.05,
350050,3,7.8542,
350047,3,7.8542,
350048,3,7.0542,
14313,3,7.75,
65306,3,8.1125,
3101264,3,6.4958,
347070,3,7.775,
350052,3,7.7958,
7540,3,8.6542,
347063,3,7.775,
347467,3,7.8542,
347742,3,11.1333,
347742,3,11.1333,
LINE,3,0.0,
347062,3,7.775,
LINE,3,0.0,
347742,3,11.1333,
W./C. 6607,3,23.45,
W./C. 6607,3,23.45,
W./C. 6607,3,23.45,
W./C. 6607,3,23.45,
349204,3,7.8958,
350417,3,7.8542,
350408,3,7.8542,
4136,3,9.825,
4137,3,9.825,
STON/O 2. 3101286,3,7.925,
STON/O 2. 3101274,3,7.125,
8475,3,8.4333,
349246,3,7.8958,
350053,3,7.7958,
347465,3,7.8542,
350060,3,7.5208,
349256,3,13.4167,
349256,3,13.4167,
2700,3,7.2292,
2682,3,7.2292,
12460,3,7.75,
323592,3,7.25,
9234,3,7.75,
14312,3,7.75,
330911,3,7.8292,
363592,3,8.05,
368783,3,7.75,
2660,3,14.4542,
2660,3,14.4542,
367227,3,7.75,
367229,3,7.75,
36865,3,7.7375,
315152,3,8.6625,
315151,3,8.6625,
315153,3,22.025,
315153,3,22.025,
315153,3,22.025,
350405,3,12.1833,
350404,3,7.8542,
350405,3,12.1833,
349253,3,7.8958,
2654,3,7.2292,F E57
2624,3,7.225,
4135,3,9.5875,
349217,3,7.8958,
1601,3,56.4958,
1601,3,56.4958,
C 7077,3,7.25,
7935,3,7.75,
1601,3,56.4958,
7545,3,9.4833,
347067,3,7.775,
347065,3,7.775,
2620,3,7.225,
4133,3,25.4667,
4133,3,25.4667,
4133,3,25.4667,
4133,3,25.4667,
4133,3,25.4667,
STON/O 2. 3101292,3,7.925,
2683,3,6.4375,
370371,3,15.5,
370371,3,15.5,
LINE,3,0.0,
A/4 48871,3,24.15,
345781,3,9.5,
347071,3,7.775,
347073,3,7.75,
349910,3,15.55,
349910,3,15.55,
STON/O 2. 3101285,3,7.925,
330971,3,7.8792,
1601,3,56.4958,
S.O./P.P. 251,3,7.55,
A/5. 3336,3,16.1,
A/5. 3336,3,16.1,
1222,3,7.8792,
A/5 21173,3,7.25,
315098,3,8.6625,
347743,3,7.0542,
347469,3,7.8542,
350403,3,7.5792,
349235,3,7.8958,
C.A. 42795,3,7.55,
370370,3,7.75,
C 17369,3,7.1417,
STON/O 2. 3101275,3,7.125,
330924,3,7.8792,
AQ/4 3130,3,7.75,
A/S 2816,3,8.05,
STON/O 2. 3101268,3,7.925,
2677,3,7.2292,
364850,3,7.75,
36866,3,7.7375,
2655,3,7.2292,F E46
349213,3,7.8958,
349257,3,7.8958,
2649,3,7.225,
349255,3,7.8958,
383123,3,7.75,
367228,3,7.75,
367226,3,23.25,
367226,3,23.25,
367226,3,23.25,
330932,3,7.7875,
36568,3,15.5,
330931,3,7.8792,
330923,3,8.0292,
9232,3,7.75,
370372,3,7.75,
376566,3,16.1,
376566,3,16.1,
370368,3,7.75,
SOTON/O.Q. 392087,3,8.05,
343095,3,8.05,
A.5. 11206,3,8.05,
368703,3,7.75,
345501,3,7.775,
359306,3,8.05,
349233,3,7.8958,
349211,3,7.8958,
349207,3,7.8958,
349221,3,7.8958,
330980,3,7.8792,
348123,3,7.65,F G73
392096,3,12.475,E121
392096,3,12.475,E121
A4. 54510,3,8.05,
371110,3,24.15,
371110,3,24.15,
330877,3,8.4583,
364506,3,8.05,
372622,3,7.75,
312991,3,7.775,
2661,3,15.2458,
2661,3,15.2458,
2661,3,15.2458,
2626,3,7.2292,
374746,3,8.05,
35852,3,7.7333,
382653,3,7.75,
A./5. 3235,3,8.05,
367230,3,15.5,
367230,3,15.5,
36568,3,15.5,
347078,3,7.75,
349206,3,7.8958,
2667,3,7.225,
2653,3,15.7417,
2653,3,15.7417,
2653,3,15.7417,
A./5. 3338,3,8.05,
349218,3,7.8958,
2652,3,7.2292,
365237,3,7.75,
349234,3,7.8958,
2651,3,11.2417,
2651,3,11.2417,
3101297,3,7.925,
363611,3,8.05,
347066,3,7.775,
347470,3,7.8542,
350410,3,7.8542,
SOTON/O2 3101272,3,7.125,
STON/O 2. 3101289,3,7.925,
A/4. 39886,3,7.8,
2697,3,7.2292,
347081,3,7.75,
345364,3,6.2375,
370365,3,15.5,
330979,3,7.8292,
370365,3,15.5,
334912,3,7.7333,
371060,3,7.75,
366713,3,7.75,
7267,3,9.225,
364856,3,7.75,
14311,3,7.75,
330959,3,7.8792,
347085,3,7.775,
368402,3,7.75,
330919,3,7.8292,
C 17368,3,3.1708,
C 4001,3,22.525,
4579,3,8.4042,
Fa 265302,3,7.3125,
350407,3,7.8542,
347464,3,7.8542,
347079,3,7.775,
6563,3,9.225,
315085,3,8.6625,
315096,3,8.6625,
315094,3,8.6625,
7534,3,9.2167,
349244,3,8.6833,
330909,3,7.6292,
349909,3,21.075,
349909,3,21.075,
349909,3,21.075,
349909,3,21.075,
349909,3,21.075,
3101295,3,39.6875,
3101295,3,39.6875,
3101295,3,39.6875,
3101295,3,39.6875,
3101295,3,39.6875,
3101295,3,39.6875,
315097,3,8.6625,
358585,3,14.5,
3411,3,8.7125,
349242,3,7.8958,
SOTON/O.Q. 3101315,3,13.775,
SOTON/O.Q. 3101315,3,13.775,
SOTON/O.Q. 3101315,3,13.775,
343271,3,7.0,
345498,3,7.775,
A/5 2817,3,8.05,
STON/O 2. 3101294,3,7.925,
STON/O 2. 3101291,3,7.925,
A/5 21174,3,7.25,
347083,3,7.775,
2668,3,22.3583,
2668,3,22.3583,F E69
2668,3,22.3583,
330935,3,8.1375,
342441,3,8.05,
349245,3,7.8958,
349212,3,7.8958,
349215,3,7.8958,
347076,3,7.775,
347087,3,7.775,
SOTON/O.Q. 392078,3,8.05,E10
349227,3,7.8958,
315095,3,8.6625,
315092,3,8.6625,
349223,3,7.8958,
65305,3,8.1125,
2629,3,7.2292,
362316,3,7.25,
349249,3,7.8958,
342684,3,8.05,
382652,3,29.125,
382652,3,29.125,
382652,3,29.125,
382652,3,29.125,
382652,3,29.125,
382652,3,29.125,
3101295,3,39.6875,
STON/O 2. 3101273,3,7.125,
334915,3,7.7208,
364498,3,14.5,
364498,3,14.5,
A/5. 3337,3,14.5,
A/5. 3337,3,14.5,
S.C./A.4. 23567,3,8.05,
312993,3,7.775,
370129,3,20.2125,
370129,3,20.2125,
370129,3,20.2125,
342712,3,8.05,
A/5 3594,3,8.05,
A/4. 20589,3,8.05,
383162,3,7.75,
371110,3,24.15,
2671,3,7.2292,
2672,3,7.225,
2676,3,7.225,
367655,3,7.7292,
LP 1588,3,7.575,
SOTON/O.Q. 3101262,3,7.25,
CA. 2343,3,69.55,
CA. 2343,3,69.55,
CA. 2343,3,69.55,
CA. 2343,3,69.55,
CA. 2343,3,69.55,
CA. 2343,3,69.55,
CA. 2343,3,69.55,
CA. 2343,3,69.55,
CA. 2343,3,69.55,
CA. 2343,3,69.55,
CA. 2343,3,69.55,
7266,3,9.325,
343120,3,7.65,
3101296,3,7.925,
2662,3,21.6792,
2662,3,21.6792,
2662,3,21.6792,
PP 9549,3,16.7,G6
PP 9549,3,16.7,G6
PP 9549,3,16.7,G6
345768,3,9.5,
A/5. 2151,3,8.05,
342826,3,8.05,
36209,3,7.725,
349222,3,7.8958,
370374,3,7.75,
345779,3,9.5,
C.A. 6212,3,15.1,
330968,3,7.7792,
374910,3,8.05,
SOTON/OQ 392082,3,8.05,
2669,3,7.2292,
392092,3,8.05,
349251,3,7.8958,
STON/O 2. 3101280,3,7.925,
3101265,3,7.4958,
347088,3,27.9,
347088,3,27.9,
347088,3,27.9,
347088,3,27.9,
347088,3,27.9,
347088,3,27.9,
349214,3,7.8958,
SOTON/OQ 392086,3,8.05,
315037,3,8.6625,
384461,3,7.75,
335432,3,7.7333,
348124,3,7.65,F G73
A.5. 18509,3,8.05,
A.5. 3236,3,8.05,
STON/OQ. 369943,3,8.05,
349208,3,7.8958,
349239,3,8.6625,
CA. 2314,3,7.55,
A/4 45380,3,8.05,
3701,3,,
349205,3,7.8958,
7553,3,9.8375,
STON/O 2. 3101288,3,7.925,
315083,3,8.6625,
347054,3,10.4625,G6
347054,3,10.4625,G6
SOTON/OQ 392089,3,8.05,
STON/O 2. 3101269,3,7.925,
SOTON/OQ 392076,3,7.05,
347060,3,7.775,
7538,3,9.225,
350035,3,7.7958,
350033,3,7.7958,
363294,3,8.05,
2625,3,8.5167,
2621,3,6.4375,
2681,3,6.4375,
2684,3,7.225,
2625,3,8.5167,
32302,3,8.05,
376564,3,16.1,
376564,3,16.1,
STON/O 2. 3101293,3,7.925,
383121,3,7.75,F38
349216,3,7.8958,
364499,3,8.05,
364511,3,8.05,
2673,3,7.2292,
LINE,3,0.0,
2641,3,7.2292,
2650,3,15.2458,
2650,3,15.2458,
2650,3,15.2458,
349247,3,7.8958,
4138,3,9.8417,
4134,3,9.5875,
A/5. 851,3,14.5,
A/5. 851,3,14.5,
A/5. 851,3,14.5,
345773,3,24.15,
345773,3,24.15,
345773,3,24.15,
345777,3,9.5,
345780,3,9.5,
345770,3,9.5,
345783,3,9.5,
345765,3,9.0,
345764,3,18.0,
345763,3,18.0,
345764,3,18.0,
345763,3,18.0,
2658,3,7.225,
350416,3,7.8542,
350406,3,7.8542,
349252,3,7.8958,
345767,3,9.0,
359309,3,8.05,
C.A. 49867,3,7.55,
SOTON/OQ 3101316,3,8.05,
345775,3,9.5,
2688,3,7.2292,
347064,3,7.75,
3101267,3,6.4958,
3101266,3,6.4958,
363272,3,7.0,
3410,3,8.7125,
S.O./P.P. 751,3,7.55,
A/5 2466,3,8.05,
54636,3,16.1,
SOTON/OQ 3101317,3,7.25,
315154,3,8.6625,
A/4. 34244,3,7.25,
345771,3,9.5,
2659,3,14.4542,
2659,3,14.4542,
2628,3,7.225,
2647,3,7.225,
2627,3,14.4583,
2665,3,14.4542,
2665,3,14.4542,
2656,3,7.225,
2670,3,7.225,
315082,3,7.875,
